Pop 1,Pop 2
9.067639517434792,10.490809965131444
10.724585988347604,11.392578348662306
11.952238126901156,14.10138976752338
11.636106281492124,12.346515887461255
12.618277964865346,8.425616557460192
12.60157971484177,17.052138646566522
9.101553522195843,15.888380284737256
8.44183007753797,12.307209365076229
8.22462764833749,10.4315191212286
9.857383907797429,9.78823819508508
